{"loss": [1.6493676900863647, 1.1749988794326782, 1.0312789678573608, 0.8757178783416748, 0.7348073720932007, 0.5411403179168701, 0.48387429118156433, 0.3743269145488739, 0.3050183951854706, 0.19206060469150543], "accuracy": [0.35639533400535583, 0.494767427444458, 0.5441860556602478, 0.6337209343910217, 0.7209302186965942, 0.7825581431388855, 0.815116286277771, 0.8622093200683594, 0.8883720636367798, 0.9308139681816101], "val_loss": [1.240195631980896, 0.9966468214988708, 0.8707744479179382, 0.7237622737884521, 0.5320978760719299, 0.41901451349258423, 0.37088438868522644, 0.17591898143291473, 0.20988228917121887, 0.1280364692211151], "val_accuracy": [0.4319767355918884, 0.5930232405662537, 0.6319767236709595, 0.7267441749572754, 0.8040697574615479, 0.8406976461410522, 0.8517441749572754, 0.9476743936538696, 0.9308139681816101, 0.9610465168952942]}